<cacti>	
	<hash_010013457666e70a5c09d99632448562d259db>
		<name>HP ProCurve - MEM Total</name>
		<ds>
			<t_name>on</t_name>
			<name>|host_description| - MEM Total</name>
			<data_input_id>hash_0300133eb92bb845b9660a7445cf9740726522</data_input_id>
			<t_rra_id></t_rra_id>
			<t_rrd_step></t_rrd_step>
			<rrd_step>300</rrd_step>
			<t_active></t_active>
			<active>on</active>
			<rra_items>hash_150013c21df5178e5c955013591239eb0afd46|hash_1500130d9c0af8b8acdc7807943937b3208e29|hash_1500136fc2d038fb42950138b0ce3e9874cc60|hash_150013e36f3adb9f152adfa5dc50fd2b23337e</rra_items>
		</ds>
		<items>
			<hash_080013f6b7f445713be665d9c259788da08c27>
				<t_data_source_name></t_data_source_name>
				<data_source_name>mem_total</data_source_name>
				<t_rrd_minimum></t_rrd_minimum>
				<rrd_minimum>0</rrd_minimum>
				<t_rrd_maximum></t_rrd_maximum>
				<rrd_maximum>1000000000</rrd_maximum>
				<t_data_source_type_id></t_data_source_type_id>
				<data_source_type_id>1</data_source_type_id>
				<t_rrd_heartbeat></t_rrd_heartbeat>
				<rrd_heartbeat>600</rrd_heartbeat>
				<t_data_input_field_id></t_data_input_field_id>
				<data_input_field_id>0</data_input_field_id>
			</hash_080013f6b7f445713be665d9c259788da08c27>
		</items>
		<data>
			<item_000>
				<data_input_field_id>hash_07001392f5906c8dc0f964b41f4253df582c38</data_input_field_id>
				<t_value></t_value>
				<value></value>
			</item_000>
			<item_001>
				<data_input_field_id>hash_07001332285d5bf16e56c478f5e83f32cda9ef</data_input_field_id>
				<t_value></t_value>
				<value></value>
			</item_001>
			<item_002>
				<data_input_field_id>hash_070013ad14ac90641aed388139f6ba86a2e48b</data_input_field_id>
				<t_value></t_value>
				<value></value>
			</item_002>
			<item_003>
				<data_input_field_id>hash_0700139c55a74bd571b4f00a96fd4b793278c6</data_input_field_id>
				<t_value></t_value>
				<value></value>
			</item_003>
			<item_004>
				<data_input_field_id>hash_070013012ccb1d3687d3edb29c002ea66e72da</data_input_field_id>
				<t_value></t_value>
				<value></value>
			</item_004>
			<item_005>
				<data_input_field_id>hash_0700134276a5ec6e3fe33995129041b1909762</data_input_field_id>
				<t_value></t_value>
				<value>.1.3.6.1.4.1.11.2.14.11.5.1.1.2.2.1.1.5.1</value>
			</item_005>
			<item_006>
				<data_input_field_id>hash_070013fc64b99742ec417cc424dbf8c7692d36</data_input_field_id>
				<t_value></t_value>
				<value></value>
			</item_006>
		</data>
	</hash_010013457666e70a5c09d99632448562d259db>
	<hash_0300133eb92bb845b9660a7445cf9740726522>
		<name>Get SNMP Data</name>
		<type_id>2</type_id>
		<input_string></input_string>
		<fields>
			<hash_07001392f5906c8dc0f964b41f4253df582c38>
				<name>SNMP IP Address</name>
				<update_rra></update_rra>
				<regexp_match></regexp_match>
				<allow_nulls></allow_nulls>
				<type_code>hostname</type_code>
				<input_output>in</input_output>
				<data_name>management_ip</data_name>
			</hash_07001392f5906c8dc0f964b41f4253df582c38>
			<hash_07001332285d5bf16e56c478f5e83f32cda9ef>
				<name>SNMP Community</name>
				<update_rra></update_rra>
				<regexp_match></regexp_match>
				<allow_nulls></allow_nulls>
				<type_code>snmp_community</type_code>
				<input_output>in</input_output>
				<data_name>snmp_community</data_name>
			</hash_07001332285d5bf16e56c478f5e83f32cda9ef>
			<hash_070013ad14ac90641aed388139f6ba86a2e48b>
				<name>SNMP Username</name>
				<update_rra></update_rra>
				<regexp_match></regexp_match>
				<allow_nulls>on</allow_nulls>
				<type_code>snmp_username</type_code>
				<input_output>in</input_output>
				<data_name>snmp_username</data_name>
			</hash_070013ad14ac90641aed388139f6ba86a2e48b>
			<hash_0700139c55a74bd571b4f00a96fd4b793278c6>
				<name>SNMP Password</name>
				<update_rra></update_rra>
				<regexp_match></regexp_match>
				<allow_nulls>on</allow_nulls>
				<type_code>snmp_password</type_code>
				<input_output>in</input_output>
				<data_name>snmp_password</data_name>
			</hash_0700139c55a74bd571b4f00a96fd4b793278c6>
			<hash_070013012ccb1d3687d3edb29c002ea66e72da>
				<name>SNMP Version (1, 2, or 3)</name>
				<update_rra></update_rra>
				<regexp_match></regexp_match>
				<allow_nulls>on</allow_nulls>
				<type_code>snmp_version</type_code>
				<input_output>in</input_output>
				<data_name>snmp_version</data_name>
			</hash_070013012ccb1d3687d3edb29c002ea66e72da>
			<hash_0700134276a5ec6e3fe33995129041b1909762>
				<name>OID</name>
				<update_rra></update_rra>
				<regexp_match></regexp_match>
				<allow_nulls></allow_nulls>
				<type_code>snmp_oid</type_code>
				<input_output>in</input_output>
				<data_name>oid</data_name>
			</hash_0700134276a5ec6e3fe33995129041b1909762>
			<hash_070013fc64b99742ec417cc424dbf8c7692d36>
				<name>SNMP Port</name>
				<update_rra></update_rra>
				<regexp_match></regexp_match>
				<allow_nulls></allow_nulls>
				<type_code>snmp_port</type_code>
				<input_output>in</input_output>
				<data_name>snmp_port</data_name>
			</hash_070013fc64b99742ec417cc424dbf8c7692d36>
		</fields>
	</hash_0300133eb92bb845b9660a7445cf9740726522>
	<hash_150013c21df5178e5c955013591239eb0afd46>
		<name>Daily (5 Minute Average)</name>
		<x_files_factor>0.5</x_files_factor>
		<steps>1</steps>
		<rows>600</rows>
		<timespan>86400</timespan>
		<cf_items>1|2|3|4</cf_items>
	</hash_150013c21df5178e5c955013591239eb0afd46>
	<hash_1500130d9c0af8b8acdc7807943937b3208e29>
		<name>Weekly (30 Minute Average)</name>
		<x_files_factor>0.5</x_files_factor>
		<steps>6</steps>
		<rows>700</rows>
		<timespan>604800</timespan>
		<cf_items>1|2|3|4</cf_items>
	</hash_1500130d9c0af8b8acdc7807943937b3208e29>
	<hash_1500136fc2d038fb42950138b0ce3e9874cc60>
		<name>Monthly (2 Hour Average)</name>
		<x_files_factor>0.5</x_files_factor>
		<steps>24</steps>
		<rows>775</rows>
		<timespan>2678400</timespan>
		<cf_items>1|2|3|4</cf_items>
	</hash_1500136fc2d038fb42950138b0ce3e9874cc60>
	<hash_150013e36f3adb9f152adfa5dc50fd2b23337e>
		<name>Yearly (1 Day Average)</name>
		<x_files_factor>0.5</x_files_factor>
		<steps>288</steps>
		<rows>797</rows>
		<timespan>33053184</timespan>
		<cf_items>1|2|3|4</cf_items>
	</hash_150013e36f3adb9f152adfa5dc50fd2b23337e>
</cacti>