<cacti>	
	<hash_00001377c53b1183fe31717ce45ab28daeabe1>
		<name>HP Procurve - MAC Count</name>
		<graph>
			<t_title>on</t_title>
			<title>|host_description| - MAC Count</title>
			<t_image_format_id></t_image_format_id>
			<image_format_id>1</image_format_id>
			<t_height></t_height>
			<height>120</height>
			<t_width></t_width>
			<width>500</width>
			<t_auto_scale></t_auto_scale>
			<auto_scale>on</auto_scale>
			<t_auto_scale_opts></t_auto_scale_opts>
			<auto_scale_opts>2</auto_scale_opts>
			<t_auto_scale_log></t_auto_scale_log>
			<auto_scale_log></auto_scale_log>
			<t_auto_scale_rigid></t_auto_scale_rigid>
			<auto_scale_rigid></auto_scale_rigid>
			<t_auto_padding></t_auto_padding>
			<auto_padding>on</auto_padding>
			<t_export></t_export>
			<export>on</export>
			<t_upper_limit></t_upper_limit>
			<upper_limit>100000</upper_limit>
			<t_lower_limit></t_lower_limit>
			<lower_limit>0</lower_limit>
			<t_base_value></t_base_value>
			<base_value>1000</base_value>
			<t_unit_value></t_unit_value>
			<unit_value></unit_value>
			<t_unit_exponent_value></t_unit_exponent_value>
			<unit_exponent_value></unit_exponent_value>
			<t_vertical_label>on</t_vertical_label>
			<vertical_label>MAC's</vertical_label>
		</graph>
		<items>
			<hash_1000133647a2023d40bfcb67c49d80b658270d>
				<task_item_id>hash_080013ce479b4a6ba8cf9f7e110e0909dfc813</task_item_id>
				<color_id>FF0000</color_id>
				<graph_type_id>7</graph_type_id>
				<consolidation_function_id>4</consolidation_function_id>
				<cdef_id>0</cdef_id>
				<value></value>
				<gprint_id>hash_06001319414480d6897c8731c7dc6c5310653e</gprint_id>
				<text_format>Number of MAC's</text_format>
				<hard_return></hard_return>
				<sequence>1</sequence>
			</hash_1000133647a2023d40bfcb67c49d80b658270d>
			<hash_1000136d341e10cb8d4ed05768a57405244e81>
				<task_item_id>hash_080013ce479b4a6ba8cf9f7e110e0909dfc813</task_item_id>
				<color_id>0</color_id>
				<graph_type_id>9</graph_type_id>
				<consolidation_function_id>4</consolidation_function_id>
				<cdef_id>0</cdef_id>
				<value></value>
				<gprint_id>hash_06001319414480d6897c8731c7dc6c5310653e</gprint_id>
				<text_format>Cur:</text_format>
				<hard_return></hard_return>
				<sequence>2</sequence>
			</hash_1000136d341e10cb8d4ed05768a57405244e81>
			<hash_1000136a68d367aea6e95e4dfd5f7fbff35cbe>
				<task_item_id>hash_080013ce479b4a6ba8cf9f7e110e0909dfc813</task_item_id>
				<color_id>0</color_id>
				<graph_type_id>9</graph_type_id>
				<consolidation_function_id>1</consolidation_function_id>
				<cdef_id>0</cdef_id>
				<value></value>
				<gprint_id>hash_06001319414480d6897c8731c7dc6c5310653e</gprint_id>
				<text_format>Avg:</text_format>
				<hard_return></hard_return>
				<sequence>3</sequence>
			</hash_1000136a68d367aea6e95e4dfd5f7fbff35cbe>
			<hash_10001310c9249f2f6a266eb9be81bc777e44bd>
				<task_item_id>hash_080013ce479b4a6ba8cf9f7e110e0909dfc813</task_item_id>
				<color_id>0</color_id>
				<graph_type_id>9</graph_type_id>
				<consolidation_function_id>3</consolidation_function_id>
				<cdef_id>0</cdef_id>
				<value></value>
				<gprint_id>hash_06001319414480d6897c8731c7dc6c5310653e</gprint_id>
				<text_format>Max:</text_format>
				<hard_return></hard_return>
				<sequence>4</sequence>
			</hash_10001310c9249f2f6a266eb9be81bc777e44bd>
			<hash_100013d00e65463ecb8c09bf07d9666442efa9>
				<task_item_id>hash_080013ce479b4a6ba8cf9f7e110e0909dfc813</task_item_id>
				<color_id>0</color_id>
				<graph_type_id>9</graph_type_id>
				<consolidation_function_id>2</consolidation_function_id>
				<cdef_id>0</cdef_id>
				<value></value>
				<gprint_id>hash_06001319414480d6897c8731c7dc6c5310653e</gprint_id>
				<text_format>Min:</text_format>
				<hard_return></hard_return>
				<sequence>5</sequence>
			</hash_100013d00e65463ecb8c09bf07d9666442efa9>
		</items>
		<inputs>
			<hash_090013a432beb9b79c02a8d9b49a669d194966>
				<name>MAC Count Data Source [snmp_oid]</name>
				<description>The data source to use for this graph item.</description>
				<column_name>task_item_id</column_name>
				<items>hash_0000133647a2023d40bfcb67c49d80b658270d|hash_0000136d341e10cb8d4ed05768a57405244e81|hash_0000136a68d367aea6e95e4dfd5f7fbff35cbe|hash_00001310c9249f2f6a266eb9be81bc777e44bd|hash_000013d00e65463ecb8c09bf07d9666442efa9</items>
			</hash_090013a432beb9b79c02a8d9b49a669d194966>
		</inputs>
	</hash_00001377c53b1183fe31717ce45ab28daeabe1>
	<hash_01001362f232bd7f3487863e71aa0d83e64d97>
		<name>HP ProCurve - MAC Count</name>
		<ds>
			<t_name>on</t_name>
			<name>|host_description| - MAC Count</name>
			<data_input_id>hash_0300133eb92bb845b9660a7445cf9740726522</data_input_id>
			<t_rra_id></t_rra_id>
			<t_rrd_step></t_rrd_step>
			<rrd_step>300</rrd_step>
			<t_active></t_active>
			<active>on</active>
			<rra_items>hash_150013c21df5178e5c955013591239eb0afd46|hash_1500130d9c0af8b8acdc7807943937b3208e29|hash_1500136fc2d038fb42950138b0ce3e9874cc60|hash_150013e36f3adb9f152adfa5dc50fd2b23337e</rra_items>
		</ds>
		<items>
			<hash_080013ce479b4a6ba8cf9f7e110e0909dfc813>
				<t_data_source_name></t_data_source_name>
				<data_source_name>snmp_oid</data_source_name>
				<t_rrd_minimum></t_rrd_minimum>
				<rrd_minimum>0</rrd_minimum>
				<t_rrd_maximum>on</t_rrd_maximum>
				<rrd_maximum>100000</rrd_maximum>
				<t_data_source_type_id></t_data_source_type_id>
				<data_source_type_id>1</data_source_type_id>
				<t_rrd_heartbeat></t_rrd_heartbeat>
				<rrd_heartbeat>600</rrd_heartbeat>
				<t_data_input_field_id></t_data_input_field_id>
				<data_input_field_id>0</data_input_field_id>
			</hash_080013ce479b4a6ba8cf9f7e110e0909dfc813>
		</items>
		<data>
			<item_000>
				<data_input_field_id>hash_070013fc64b99742ec417cc424dbf8c7692d36</data_input_field_id>
				<t_value></t_value>
				<value></value>
			</item_000>
			<item_001>
				<data_input_field_id>hash_0700134276a5ec6e3fe33995129041b1909762</data_input_field_id>
				<t_value></t_value>
				<value>.1.3.6.1.4.1.11.2.14.11.5.1.9.12.1.0</value>
			</item_001>
			<item_002>
				<data_input_field_id>hash_070013ad14ac90641aed388139f6ba86a2e48b</data_input_field_id>
				<t_value></t_value>
				<value></value>
			</item_002>
			<item_003>
				<data_input_field_id>hash_07001332285d5bf16e56c478f5e83f32cda9ef</data_input_field_id>
				<t_value></t_value>
				<value></value>
			</item_003>
			<item_004>
				<data_input_field_id>hash_0700139c55a74bd571b4f00a96fd4b793278c6</data_input_field_id>
				<t_value></t_value>
				<value></value>
			</item_004>
			<item_005>
				<data_input_field_id>hash_070013012ccb1d3687d3edb29c002ea66e72da</data_input_field_id>
				<t_value></t_value>
				<value></value>
			</item_005>
			<item_006>
				<data_input_field_id>hash_07001392f5906c8dc0f964b41f4253df582c38</data_input_field_id>
				<t_value></t_value>
				<value></value>
			</item_006>
		</data>
	</hash_01001362f232bd7f3487863e71aa0d83e64d97>
	<hash_0300133eb92bb845b9660a7445cf9740726522>
		<name>Get SNMP Data</name>
		<type_id>2</type_id>
		<input_string></input_string>
		<fields>
			<hash_07001392f5906c8dc0f964b41f4253df582c38>
				<name>SNMP IP Address</name>
				<update_rra></update_rra>
				<regexp_match></regexp_match>
				<allow_nulls></allow_nulls>
				<type_code>hostname</type_code>
				<input_output>in</input_output>
				<data_name>management_ip</data_name>
			</hash_07001392f5906c8dc0f964b41f4253df582c38>
			<hash_07001332285d5bf16e56c478f5e83f32cda9ef>
				<name>SNMP Community</name>
				<update_rra></update_rra>
				<regexp_match></regexp_match>
				<allow_nulls></allow_nulls>
				<type_code>snmp_community</type_code>
				<input_output>in</input_output>
				<data_name>snmp_community</data_name>
			</hash_07001332285d5bf16e56c478f5e83f32cda9ef>
			<hash_070013ad14ac90641aed388139f6ba86a2e48b>
				<name>SNMP Username</name>
				<update_rra></update_rra>
				<regexp_match></regexp_match>
				<allow_nulls>on</allow_nulls>
				<type_code>snmp_username</type_code>
				<input_output>in</input_output>
				<data_name>snmp_username</data_name>
			</hash_070013ad14ac90641aed388139f6ba86a2e48b>
			<hash_0700139c55a74bd571b4f00a96fd4b793278c6>
				<name>SNMP Password</name>
				<update_rra></update_rra>
				<regexp_match></regexp_match>
				<allow_nulls>on</allow_nulls>
				<type_code>snmp_password</type_code>
				<input_output>in</input_output>
				<data_name>snmp_password</data_name>
			</hash_0700139c55a74bd571b4f00a96fd4b793278c6>
			<hash_070013012ccb1d3687d3edb29c002ea66e72da>
				<name>SNMP Version (1, 2, or 3)</name>
				<update_rra></update_rra>
				<regexp_match></regexp_match>
				<allow_nulls>on</allow_nulls>
				<type_code>snmp_version</type_code>
				<input_output>in</input_output>
				<data_name>snmp_version</data_name>
			</hash_070013012ccb1d3687d3edb29c002ea66e72da>
			<hash_0700134276a5ec6e3fe33995129041b1909762>
				<name>OID</name>
				<update_rra></update_rra>
				<regexp_match></regexp_match>
				<allow_nulls></allow_nulls>
				<type_code>snmp_oid</type_code>
				<input_output>in</input_output>
				<data_name>oid</data_name>
			</hash_0700134276a5ec6e3fe33995129041b1909762>
			<hash_070013fc64b99742ec417cc424dbf8c7692d36>
				<name>SNMP Port</name>
				<update_rra></update_rra>
				<regexp_match></regexp_match>
				<allow_nulls></allow_nulls>
				<type_code>snmp_port</type_code>
				<input_output>in</input_output>
				<data_name>snmp_port</data_name>
			</hash_070013fc64b99742ec417cc424dbf8c7692d36>
		</fields>
	</hash_0300133eb92bb845b9660a7445cf9740726522>
	<hash_150013c21df5178e5c955013591239eb0afd46>
		<name>Daily (5 Minute Average)</name>
		<x_files_factor>0.5</x_files_factor>
		<steps>1</steps>
		<rows>600</rows>
		<timespan>86400</timespan>
		<cf_items>1|2|3|4</cf_items>
	</hash_150013c21df5178e5c955013591239eb0afd46>
	<hash_1500130d9c0af8b8acdc7807943937b3208e29>
		<name>Weekly (30 Minute Average)</name>
		<x_files_factor>0.5</x_files_factor>
		<steps>6</steps>
		<rows>700</rows>
		<timespan>604800</timespan>
		<cf_items>1|2|3|4</cf_items>
	</hash_1500130d9c0af8b8acdc7807943937b3208e29>
	<hash_1500136fc2d038fb42950138b0ce3e9874cc60>
		<name>Monthly (2 Hour Average)</name>
		<x_files_factor>0.5</x_files_factor>
		<steps>24</steps>
		<rows>775</rows>
		<timespan>2678400</timespan>
		<cf_items>1|2|3|4</cf_items>
	</hash_1500136fc2d038fb42950138b0ce3e9874cc60>
	<hash_150013e36f3adb9f152adfa5dc50fd2b23337e>
		<name>Yearly (1 Day Average)</name>
		<x_files_factor>0.5</x_files_factor>
		<steps>288</steps>
		<rows>797</rows>
		<timespan>33053184</timespan>
		<cf_items>1|2|3|4</cf_items>
	</hash_150013e36f3adb9f152adfa5dc50fd2b23337e>
	<hash_06001319414480d6897c8731c7dc6c5310653e>
		<name>Exact Numbers</name>
		<gprint_text>%8.0lf</gprint_text>
	</hash_06001319414480d6897c8731c7dc6c5310653e>
</cacti>