<cacti>	
	<hash_0000131a427ac3052b77e2879ae0e374c5eeb7>
		<name>HP Procurve - MEM Usage</name>
		<graph>
			<t_title>on</t_title>
			<title>|host_description| - MEM Usage</title>
			<t_image_format_id></t_image_format_id>
			<image_format_id>1</image_format_id>
			<t_height></t_height>
			<height>120</height>
			<t_width></t_width>
			<width>500</width>
			<t_auto_scale></t_auto_scale>
			<auto_scale>on</auto_scale>
			<t_auto_scale_opts></t_auto_scale_opts>
			<auto_scale_opts>2</auto_scale_opts>
			<t_auto_scale_log></t_auto_scale_log>
			<auto_scale_log></auto_scale_log>
			<t_auto_scale_rigid></t_auto_scale_rigid>
			<auto_scale_rigid></auto_scale_rigid>
			<t_auto_padding></t_auto_padding>
			<auto_padding>on</auto_padding>
			<t_export></t_export>
			<export>on</export>
			<t_upper_limit></t_upper_limit>
			<upper_limit>1000000000</upper_limit>
			<t_lower_limit></t_lower_limit>
			<lower_limit>0</lower_limit>
			<t_base_value></t_base_value>
			<base_value>1024</base_value>
			<t_unit_value></t_unit_value>
			<unit_value></unit_value>
			<t_unit_exponent_value></t_unit_exponent_value>
			<unit_exponent_value></unit_exponent_value>
			<t_vertical_label>on</t_vertical_label>
			<vertical_label>bytes</vertical_label>
		</graph>
		<items>
			<hash_1000137cb61c311f01ea2475d43ff2c1bd5572>
				<task_item_id>hash_08001370d660b93ffd5f7fda555c7180facf3d</task_item_id>
				<color_id>4444FF</color_id>
				<graph_type_id>7</graph_type_id>
				<consolidation_function_id>4</consolidation_function_id>
				<cdef_id>0</cdef_id>
				<value></value>
				<gprint_id>hash_060013e9c43831e54eca8069317a2ce8c6f751</gprint_id>
				<text_format>MEM used</text_format>
				<hard_return></hard_return>
				<sequence>1</sequence>
			</hash_1000137cb61c311f01ea2475d43ff2c1bd5572>
			<hash_10001373f7cb2697a778cd8693c687c9e390bd>
				<task_item_id>hash_08001370d660b93ffd5f7fda555c7180facf3d</task_item_id>
				<color_id>0</color_id>
				<graph_type_id>9</graph_type_id>
				<consolidation_function_id>4</consolidation_function_id>
				<cdef_id>0</cdef_id>
				<value></value>
				<gprint_id>hash_060013e9c43831e54eca8069317a2ce8c6f751</gprint_id>
				<text_format>Cur:</text_format>
				<hard_return></hard_return>
				<sequence>2</sequence>
			</hash_10001373f7cb2697a778cd8693c687c9e390bd>
			<hash_100013b04a5acddc9c8649d04e89567663b492>
				<task_item_id>hash_08001370d660b93ffd5f7fda555c7180facf3d</task_item_id>
				<color_id>0</color_id>
				<graph_type_id>9</graph_type_id>
				<consolidation_function_id>1</consolidation_function_id>
				<cdef_id>0</cdef_id>
				<value></value>
				<gprint_id>hash_060013e9c43831e54eca8069317a2ce8c6f751</gprint_id>
				<text_format>Avg:</text_format>
				<hard_return></hard_return>
				<sequence>3</sequence>
			</hash_100013b04a5acddc9c8649d04e89567663b492>
			<hash_10001356b8b7e580dad150c90acf1ea1bebf54>
				<task_item_id>hash_08001370d660b93ffd5f7fda555c7180facf3d</task_item_id>
				<color_id>0</color_id>
				<graph_type_id>9</graph_type_id>
				<consolidation_function_id>3</consolidation_function_id>
				<cdef_id>0</cdef_id>
				<value></value>
				<gprint_id>hash_060013e9c43831e54eca8069317a2ce8c6f751</gprint_id>
				<text_format>Max:</text_format>
				<hard_return></hard_return>
				<sequence>4</sequence>
			</hash_10001356b8b7e580dad150c90acf1ea1bebf54>
			<hash_100013ac416a4411b354f20ec64d4f3e6548d2>
				<task_item_id>hash_08001370d660b93ffd5f7fda555c7180facf3d</task_item_id>
				<color_id>0</color_id>
				<graph_type_id>9</graph_type_id>
				<consolidation_function_id>2</consolidation_function_id>
				<cdef_id>0</cdef_id>
				<value></value>
				<gprint_id>hash_060013e9c43831e54eca8069317a2ce8c6f751</gprint_id>
				<text_format>Min:</text_format>
				<hard_return>on</hard_return>
				<sequence>5</sequence>
			</hash_100013ac416a4411b354f20ec64d4f3e6548d2>
			<hash_100013555a0e9af0c0d013e6faf79350cc83ff>
				<task_item_id>hash_0800136742a7658b15fed436520dcd1c48c523</task_item_id>
				<color_id>7CB3F1</color_id>
				<graph_type_id>8</graph_type_id>
				<consolidation_function_id>4</consolidation_function_id>
				<cdef_id>0</cdef_id>
				<value></value>
				<gprint_id>hash_060013e9c43831e54eca8069317a2ce8c6f751</gprint_id>
				<text_format>MEM free</text_format>
				<hard_return></hard_return>
				<sequence>6</sequence>
			</hash_100013555a0e9af0c0d013e6faf79350cc83ff>
			<hash_100013578d01642af9d19540c00a06dab9eb25>
				<task_item_id>hash_0800136742a7658b15fed436520dcd1c48c523</task_item_id>
				<color_id>0</color_id>
				<graph_type_id>9</graph_type_id>
				<consolidation_function_id>4</consolidation_function_id>
				<cdef_id>0</cdef_id>
				<value></value>
				<gprint_id>hash_060013e9c43831e54eca8069317a2ce8c6f751</gprint_id>
				<text_format>Cur:</text_format>
				<hard_return></hard_return>
				<sequence>7</sequence>
			</hash_100013578d01642af9d19540c00a06dab9eb25>
			<hash_100013507b1dbe914ca910b2a91e81b7958ded>
				<task_item_id>hash_0800136742a7658b15fed436520dcd1c48c523</task_item_id>
				<color_id>0</color_id>
				<graph_type_id>9</graph_type_id>
				<consolidation_function_id>1</consolidation_function_id>
				<cdef_id>0</cdef_id>
				<value></value>
				<gprint_id>hash_060013e9c43831e54eca8069317a2ce8c6f751</gprint_id>
				<text_format>Avg:</text_format>
				<hard_return></hard_return>
				<sequence>8</sequence>
			</hash_100013507b1dbe914ca910b2a91e81b7958ded>
			<hash_10001366296f5071207bdcdbcc8a11e5e10e0f>
				<task_item_id>hash_0800136742a7658b15fed436520dcd1c48c523</task_item_id>
				<color_id>0</color_id>
				<graph_type_id>9</graph_type_id>
				<consolidation_function_id>3</consolidation_function_id>
				<cdef_id>0</cdef_id>
				<value></value>
				<gprint_id>hash_060013e9c43831e54eca8069317a2ce8c6f751</gprint_id>
				<text_format>Max:</text_format>
				<hard_return></hard_return>
				<sequence>9</sequence>
			</hash_10001366296f5071207bdcdbcc8a11e5e10e0f>
			<hash_100013c99672bd6d9c6e2758e2967e38f06893>
				<task_item_id>hash_0800136742a7658b15fed436520dcd1c48c523</task_item_id>
				<color_id>0</color_id>
				<graph_type_id>9</graph_type_id>
				<consolidation_function_id>2</consolidation_function_id>
				<cdef_id>0</cdef_id>
				<value></value>
				<gprint_id>hash_060013e9c43831e54eca8069317a2ce8c6f751</gprint_id>
				<text_format>Min:</text_format>
				<hard_return>on</hard_return>
				<sequence>10</sequence>
			</hash_100013c99672bd6d9c6e2758e2967e38f06893>
			<hash_100013398ceeafcaa7b5d94a541b60cf7ba832>
				<task_item_id>hash_080013f6b7f445713be665d9c259788da08c27</task_item_id>
				<color_id>000000</color_id>
				<graph_type_id>4</graph_type_id>
				<consolidation_function_id>4</consolidation_function_id>
				<cdef_id>0</cdef_id>
				<value></value>
				<gprint_id>hash_060013e9c43831e54eca8069317a2ce8c6f751</gprint_id>
				<text_format>MEM total</text_format>
				<hard_return></hard_return>
				<sequence>11</sequence>
			</hash_100013398ceeafcaa7b5d94a541b60cf7ba832>
			<hash_1000136f246245cafcefe17b8b0f788f7e14a6>
				<task_item_id>hash_080013f6b7f445713be665d9c259788da08c27</task_item_id>
				<color_id>0</color_id>
				<graph_type_id>9</graph_type_id>
				<consolidation_function_id>4</consolidation_function_id>
				<cdef_id>0</cdef_id>
				<value></value>
				<gprint_id>hash_060013e9c43831e54eca8069317a2ce8c6f751</gprint_id>
				<text_format>Cur:</text_format>
				<hard_return></hard_return>
				<sequence>12</sequence>
			</hash_1000136f246245cafcefe17b8b0f788f7e14a6>
			<hash_100013e586dc1794caf5d210965bca384646c3>
				<task_item_id>hash_080013f6b7f445713be665d9c259788da08c27</task_item_id>
				<color_id>0</color_id>
				<graph_type_id>9</graph_type_id>
				<consolidation_function_id>1</consolidation_function_id>
				<cdef_id>0</cdef_id>
				<value></value>
				<gprint_id>hash_060013e9c43831e54eca8069317a2ce8c6f751</gprint_id>
				<text_format>Avg:</text_format>
				<hard_return></hard_return>
				<sequence>13</sequence>
			</hash_100013e586dc1794caf5d210965bca384646c3>
			<hash_1000130b4706cfd06e713e4436d4ccf535858a>
				<task_item_id>hash_080013f6b7f445713be665d9c259788da08c27</task_item_id>
				<color_id>0</color_id>
				<graph_type_id>9</graph_type_id>
				<consolidation_function_id>3</consolidation_function_id>
				<cdef_id>0</cdef_id>
				<value></value>
				<gprint_id>hash_060013e9c43831e54eca8069317a2ce8c6f751</gprint_id>
				<text_format>Max:</text_format>
				<hard_return></hard_return>
				<sequence>14</sequence>
			</hash_1000130b4706cfd06e713e4436d4ccf535858a>
			<hash_1000137ad4d1e6648c02a76667f974a4e3a011>
				<task_item_id>hash_080013f6b7f445713be665d9c259788da08c27</task_item_id>
				<color_id>0</color_id>
				<graph_type_id>9</graph_type_id>
				<consolidation_function_id>2</consolidation_function_id>
				<cdef_id>0</cdef_id>
				<value></value>
				<gprint_id>hash_060013e9c43831e54eca8069317a2ce8c6f751</gprint_id>
				<text_format>Min:</text_format>
				<hard_return></hard_return>
				<sequence>15</sequence>
			</hash_1000137ad4d1e6648c02a76667f974a4e3a011>
		</items>
		<inputs>
			<hash_0900139ee84eb2724cb8362550a4297228845f>
				<name>Data Source [mem_free]</name>
				<description></description>
				<column_name>task_item_id</column_name>
				<items>hash_000013555a0e9af0c0d013e6faf79350cc83ff|hash_000013578d01642af9d19540c00a06dab9eb25|hash_000013507b1dbe914ca910b2a91e81b7958ded|hash_00001366296f5071207bdcdbcc8a11e5e10e0f|hash_000013c99672bd6d9c6e2758e2967e38f06893</items>
			</hash_0900139ee84eb2724cb8362550a4297228845f>
			<hash_0900132d885a2d231ddd2c3efc153c4136c45f>
				<name>Data Source [mem_total]</name>
				<description></description>
				<column_name>task_item_id</column_name>
				<items>hash_000013398ceeafcaa7b5d94a541b60cf7ba832|hash_0000136f246245cafcefe17b8b0f788f7e14a6|hash_000013e586dc1794caf5d210965bca384646c3|hash_0000130b4706cfd06e713e4436d4ccf535858a|hash_0000137ad4d1e6648c02a76667f974a4e3a011</items>
			</hash_0900132d885a2d231ddd2c3efc153c4136c45f>
			<hash_09001399e574c8e27f1b1537c3f3c792de8d0b>
				<name>Data Source [mem_used]</name>
				<description></description>
				<column_name>task_item_id</column_name>
				<items>hash_0000137cb61c311f01ea2475d43ff2c1bd5572|hash_00001373f7cb2697a778cd8693c687c9e390bd|hash_000013b04a5acddc9c8649d04e89567663b492|hash_00001356b8b7e580dad150c90acf1ea1bebf54|hash_000013ac416a4411b354f20ec64d4f3e6548d2</items>
			</hash_09001399e574c8e27f1b1537c3f3c792de8d0b>
		</inputs>
	</hash_0000131a427ac3052b77e2879ae0e374c5eeb7>
	<hash_010013b2aef2c4acff87bd41b81f3ae4b6953f>
		<name>HP ProCurve - MEM Used</name>
		<ds>
			<t_name>on</t_name>
			<name>|host_description| - MEM Used</name>
			<data_input_id>hash_0300133eb92bb845b9660a7445cf9740726522</data_input_id>
			<t_rra_id></t_rra_id>
			<t_rrd_step></t_rrd_step>
			<rrd_step>300</rrd_step>
			<t_active></t_active>
			<active>on</active>
			<rra_items>hash_150013c21df5178e5c955013591239eb0afd46|hash_1500130d9c0af8b8acdc7807943937b3208e29|hash_1500136fc2d038fb42950138b0ce3e9874cc60|hash_150013e36f3adb9f152adfa5dc50fd2b23337e</rra_items>
		</ds>
		<items>
			<hash_08001370d660b93ffd5f7fda555c7180facf3d>
				<t_data_source_name></t_data_source_name>
				<data_source_name>mem_used</data_source_name>
				<t_rrd_minimum></t_rrd_minimum>
				<rrd_minimum>0</rrd_minimum>
				<t_rrd_maximum></t_rrd_maximum>
				<rrd_maximum>1000000000</rrd_maximum>
				<t_data_source_type_id></t_data_source_type_id>
				<data_source_type_id>1</data_source_type_id>
				<t_rrd_heartbeat></t_rrd_heartbeat>
				<rrd_heartbeat>600</rrd_heartbeat>
				<t_data_input_field_id></t_data_input_field_id>
				<data_input_field_id>0</data_input_field_id>
			</hash_08001370d660b93ffd5f7fda555c7180facf3d>
		</items>
		<data>
			<item_000>
				<data_input_field_id>hash_070013fc64b99742ec417cc424dbf8c7692d36</data_input_field_id>
				<t_value></t_value>
				<value></value>
			</item_000>
			<item_001>
				<data_input_field_id>hash_0700134276a5ec6e3fe33995129041b1909762</data_input_field_id>
				<t_value></t_value>
				<value>.1.3.6.1.4.1.11.2.14.11.5.1.1.2.2.1.1.7.1</value>
			</item_001>
			<item_002>
				<data_input_field_id>hash_070013012ccb1d3687d3edb29c002ea66e72da</data_input_field_id>
				<t_value></t_value>
				<value></value>
			</item_002>
			<item_003>
				<data_input_field_id>hash_0700139c55a74bd571b4f00a96fd4b793278c6</data_input_field_id>
				<t_value></t_value>
				<value></value>
			</item_003>
			<item_004>
				<data_input_field_id>hash_070013ad14ac90641aed388139f6ba86a2e48b</data_input_field_id>
				<t_value></t_value>
				<value></value>
			</item_004>
			<item_005>
				<data_input_field_id>hash_07001332285d5bf16e56c478f5e83f32cda9ef</data_input_field_id>
				<t_value></t_value>
				<value></value>
			</item_005>
			<item_006>
				<data_input_field_id>hash_07001392f5906c8dc0f964b41f4253df582c38</data_input_field_id>
				<t_value></t_value>
				<value></value>
			</item_006>
		</data>
	</hash_010013b2aef2c4acff87bd41b81f3ae4b6953f>
	<hash_01001371677ef2271a0dc5e2498372a77f13a5>
		<name>HP ProCurve - MEM Free</name>
		<ds>
			<t_name>on</t_name>
			<name>|host_description| - MEM Free</name>
			<data_input_id>hash_0300133eb92bb845b9660a7445cf9740726522</data_input_id>
			<t_rra_id></t_rra_id>
			<t_rrd_step></t_rrd_step>
			<rrd_step>300</rrd_step>
			<t_active></t_active>
			<active>on</active>
			<rra_items>hash_150013c21df5178e5c955013591239eb0afd46|hash_1500130d9c0af8b8acdc7807943937b3208e29|hash_1500136fc2d038fb42950138b0ce3e9874cc60|hash_150013e36f3adb9f152adfa5dc50fd2b23337e</rra_items>
		</ds>
		<items>
			<hash_0800136742a7658b15fed436520dcd1c48c523>
				<t_data_source_name></t_data_source_name>
				<data_source_name>mem_free</data_source_name>
				<t_rrd_minimum></t_rrd_minimum>
				<rrd_minimum>0</rrd_minimum>
				<t_rrd_maximum></t_rrd_maximum>
				<rrd_maximum>1000000000</rrd_maximum>
				<t_data_source_type_id></t_data_source_type_id>
				<data_source_type_id>1</data_source_type_id>
				<t_rrd_heartbeat></t_rrd_heartbeat>
				<rrd_heartbeat>600</rrd_heartbeat>
				<t_data_input_field_id></t_data_input_field_id>
				<data_input_field_id>0</data_input_field_id>
			</hash_0800136742a7658b15fed436520dcd1c48c523>
		</items>
		<data>
			<item_000>
				<data_input_field_id>hash_0700134276a5ec6e3fe33995129041b1909762</data_input_field_id>
				<t_value></t_value>
				<value>.1.3.6.1.4.1.11.2.14.11.5.1.1.2.2.1.1.6.1</value>
			</item_000>
			<item_001>
				<data_input_field_id>hash_070013012ccb1d3687d3edb29c002ea66e72da</data_input_field_id>
				<t_value></t_value>
				<value></value>
			</item_001>
			<item_002>
				<data_input_field_id>hash_07001392f5906c8dc0f964b41f4253df582c38</data_input_field_id>
				<t_value></t_value>
				<value></value>
			</item_002>
			<item_003>
				<data_input_field_id>hash_07001332285d5bf16e56c478f5e83f32cda9ef</data_input_field_id>
				<t_value></t_value>
				<value></value>
			</item_003>
			<item_004>
				<data_input_field_id>hash_070013ad14ac90641aed388139f6ba86a2e48b</data_input_field_id>
				<t_value></t_value>
				<value></value>
			</item_004>
			<item_005>
				<data_input_field_id>hash_0700139c55a74bd571b4f00a96fd4b793278c6</data_input_field_id>
				<t_value></t_value>
				<value></value>
			</item_005>
			<item_006>
				<data_input_field_id>hash_070013fc64b99742ec417cc424dbf8c7692d36</data_input_field_id>
				<t_value></t_value>
				<value></value>
			</item_006>
		</data>
	</hash_01001371677ef2271a0dc5e2498372a77f13a5>
	<hash_010013457666e70a5c09d99632448562d259db>
		<name>HP ProCurve - MEM Total</name>
		<ds>
			<t_name>on</t_name>
			<name>|host_description| - MEM Total</name>
			<data_input_id>hash_0300133eb92bb845b9660a7445cf9740726522</data_input_id>
			<t_rra_id></t_rra_id>
			<t_rrd_step></t_rrd_step>
			<rrd_step>300</rrd_step>
			<t_active></t_active>
			<active>on</active>
			<rra_items>hash_150013c21df5178e5c955013591239eb0afd46|hash_1500130d9c0af8b8acdc7807943937b3208e29|hash_1500136fc2d038fb42950138b0ce3e9874cc60|hash_150013e36f3adb9f152adfa5dc50fd2b23337e</rra_items>
		</ds>
		<items>
			<hash_080013f6b7f445713be665d9c259788da08c27>
				<t_data_source_name></t_data_source_name>
				<data_source_name>mem_total</data_source_name>
				<t_rrd_minimum></t_rrd_minimum>
				<rrd_minimum>0</rrd_minimum>
				<t_rrd_maximum></t_rrd_maximum>
				<rrd_maximum>1000000000</rrd_maximum>
				<t_data_source_type_id></t_data_source_type_id>
				<data_source_type_id>1</data_source_type_id>
				<t_rrd_heartbeat></t_rrd_heartbeat>
				<rrd_heartbeat>600</rrd_heartbeat>
				<t_data_input_field_id></t_data_input_field_id>
				<data_input_field_id>0</data_input_field_id>
			</hash_080013f6b7f445713be665d9c259788da08c27>
		</items>
		<data>
			<item_000>
				<data_input_field_id>hash_07001392f5906c8dc0f964b41f4253df582c38</data_input_field_id>
				<t_value></t_value>
				<value></value>
			</item_000>
			<item_001>
				<data_input_field_id>hash_07001332285d5bf16e56c478f5e83f32cda9ef</data_input_field_id>
				<t_value></t_value>
				<value></value>
			</item_001>
			<item_002>
				<data_input_field_id>hash_070013ad14ac90641aed388139f6ba86a2e48b</data_input_field_id>
				<t_value></t_value>
				<value></value>
			</item_002>
			<item_003>
				<data_input_field_id>hash_0700139c55a74bd571b4f00a96fd4b793278c6</data_input_field_id>
				<t_value></t_value>
				<value></value>
			</item_003>
			<item_004>
				<data_input_field_id>hash_070013012ccb1d3687d3edb29c002ea66e72da</data_input_field_id>
				<t_value></t_value>
				<value></value>
			</item_004>
			<item_005>
				<data_input_field_id>hash_0700134276a5ec6e3fe33995129041b1909762</data_input_field_id>
				<t_value></t_value>
				<value>.1.3.6.1.4.1.11.2.14.11.5.1.1.2.2.1.1.5.1</value>
			</item_005>
			<item_006>
				<data_input_field_id>hash_070013fc64b99742ec417cc424dbf8c7692d36</data_input_field_id>
				<t_value></t_value>
				<value></value>
			</item_006>
		</data>
	</hash_010013457666e70a5c09d99632448562d259db>
	<hash_0300133eb92bb845b9660a7445cf9740726522>
		<name>Get SNMP Data</name>
		<type_id>2</type_id>
		<input_string></input_string>
		<fields>
			<hash_07001392f5906c8dc0f964b41f4253df582c38>
				<name>SNMP IP Address</name>
				<update_rra></update_rra>
				<regexp_match></regexp_match>
				<allow_nulls></allow_nulls>
				<type_code>hostname</type_code>
				<input_output>in</input_output>
				<data_name>management_ip</data_name>
			</hash_07001392f5906c8dc0f964b41f4253df582c38>
			<hash_07001332285d5bf16e56c478f5e83f32cda9ef>
				<name>SNMP Community</name>
				<update_rra></update_rra>
				<regexp_match></regexp_match>
				<allow_nulls></allow_nulls>
				<type_code>snmp_community</type_code>
				<input_output>in</input_output>
				<data_name>snmp_community</data_name>
			</hash_07001332285d5bf16e56c478f5e83f32cda9ef>
			<hash_070013ad14ac90641aed388139f6ba86a2e48b>
				<name>SNMP Username</name>
				<update_rra></update_rra>
				<regexp_match></regexp_match>
				<allow_nulls>on</allow_nulls>
				<type_code>snmp_username</type_code>
				<input_output>in</input_output>
				<data_name>snmp_username</data_name>
			</hash_070013ad14ac90641aed388139f6ba86a2e48b>
			<hash_0700139c55a74bd571b4f00a96fd4b793278c6>
				<name>SNMP Password</name>
				<update_rra></update_rra>
				<regexp_match></regexp_match>
				<allow_nulls>on</allow_nulls>
				<type_code>snmp_password</type_code>
				<input_output>in</input_output>
				<data_name>snmp_password</data_name>
			</hash_0700139c55a74bd571b4f00a96fd4b793278c6>
			<hash_070013012ccb1d3687d3edb29c002ea66e72da>
				<name>SNMP Version (1, 2, or 3)</name>
				<update_rra></update_rra>
				<regexp_match></regexp_match>
				<allow_nulls>on</allow_nulls>
				<type_code>snmp_version</type_code>
				<input_output>in</input_output>
				<data_name>snmp_version</data_name>
			</hash_070013012ccb1d3687d3edb29c002ea66e72da>
			<hash_0700134276a5ec6e3fe33995129041b1909762>
				<name>OID</name>
				<update_rra></update_rra>
				<regexp_match></regexp_match>
				<allow_nulls></allow_nulls>
				<type_code>snmp_oid</type_code>
				<input_output>in</input_output>
				<data_name>oid</data_name>
			</hash_0700134276a5ec6e3fe33995129041b1909762>
			<hash_070013fc64b99742ec417cc424dbf8c7692d36>
				<name>SNMP Port</name>
				<update_rra></update_rra>
				<regexp_match></regexp_match>
				<allow_nulls></allow_nulls>
				<type_code>snmp_port</type_code>
				<input_output>in</input_output>
				<data_name>snmp_port</data_name>
			</hash_070013fc64b99742ec417cc424dbf8c7692d36>
		</fields>
	</hash_0300133eb92bb845b9660a7445cf9740726522>
	<hash_150013c21df5178e5c955013591239eb0afd46>
		<name>Daily (5 Minute Average)</name>
		<x_files_factor>0.5</x_files_factor>
		<steps>1</steps>
		<rows>600</rows>
		<timespan>86400</timespan>
		<cf_items>1|2|3|4</cf_items>
	</hash_150013c21df5178e5c955013591239eb0afd46>
	<hash_1500130d9c0af8b8acdc7807943937b3208e29>
		<name>Weekly (30 Minute Average)</name>
		<x_files_factor>0.5</x_files_factor>
		<steps>6</steps>
		<rows>700</rows>
		<timespan>604800</timespan>
		<cf_items>1|2|3|4</cf_items>
	</hash_1500130d9c0af8b8acdc7807943937b3208e29>
	<hash_1500136fc2d038fb42950138b0ce3e9874cc60>
		<name>Monthly (2 Hour Average)</name>
		<x_files_factor>0.5</x_files_factor>
		<steps>24</steps>
		<rows>775</rows>
		<timespan>2678400</timespan>
		<cf_items>1|2|3|4</cf_items>
	</hash_1500136fc2d038fb42950138b0ce3e9874cc60>
	<hash_150013e36f3adb9f152adfa5dc50fd2b23337e>
		<name>Yearly (1 Day Average)</name>
		<x_files_factor>0.5</x_files_factor>
		<steps>288</steps>
		<rows>797</rows>
		<timespan>33053184</timespan>
		<cf_items>1|2|3|4</cf_items>
	</hash_150013e36f3adb9f152adfa5dc50fd2b23337e>
	<hash_060013e9c43831e54eca8069317a2ce8c6f751>
		<name>Normal</name>
		<gprint_text>%8.2lf%s</gprint_text>
	</hash_060013e9c43831e54eca8069317a2ce8c6f751>
</cacti>